name,city,address,customer_name,contact_person,contact_phone,service_window,route_note,vendsoft_location_id,active
"GMW měřící technika, s. r. o.",Blansko,Hybešova 584/53,"GMW měřící technika, s. r. o.",Bc. Lucie Sladká,+420 516 410 740,,"Zdrojové kódy: 90
Zdrojové názvy: GMW-měřící technika, s. r. o.
Trasy: LD_středa_2TX7829
Operátor: Markéta Jakšová
Kategorie servisu: B
Sektor: malá firma
Počet automatů ve zdroji: 1",,True
OLMIKA s.r.o.,Blučina,Blučina 627,OLMIKA s.r.o.,Michal Punčochář,+420 774 954 766,,"Zdrojové kódy: SÍDLO
Zdrojové názvy: OLMIKA s.r.o.",,True
TEXTILOMANIE,Blučina,Blučina 627,TEXTILOMANIE,Martin Kramoliš,+420 777 173 911,"MO,WE 7","Zdrojové kódy: 62
Zdrojové názvy: Blučina_TEXTILOMANIE
Trasy: LD_pátek_2TX7829,MN_pondělí_3BJ1780,LD_středa_2TX7829
Operátor: Markéta Jakšová, od 1.9.2025
Servisní dny: MO,WE 7
Kategorie servisu: C
Sektor: veřejné místo
Počet automatů ve zdroji: 2",,True
Střední škola hl. budova,Bohumín,Husova 283,Střední škola hl. budova,Ing. Martina Pešatová,+420 731 134 088,TH 7,"Zdrojové kódy: 70
Zdrojové názvy: Bohumín_Střední škola - hl. budova
Trasy: MN_pátek_3BJ1780
Operátor: Michaela Nerudová
Servisní dny: TH 7
Sektor: škola
Počet automatů ve zdroji: 1",,True
Střední škola vedl.budova,Bohumín,Čáslavská 420,Střední škola vedl.budova,Ing. Martina Pešatová,+420 731 134 088,TH 7,"Zdrojové kódy: 71
Zdrojové názvy: Bohumín_Střední škola - vedl.budova
Trasy: MN_pátek_3BJ1780
Operátor: Michaela Nerudová
Servisní dny: TH 7
Sektor: škola
Počet automatů ve zdroji: 1",,True
BVK Pisárky,Brno,Pisárecká 555/1a,BVK Pisárky B jídelna,,,WE 7,"Zdrojové kódy: 5, 6
Zdrojové názvy: Brno_BVK Pisárky B jídelna | Brno_BVK Pisárky hl. budova KÁVA
Trasy: LD_středa_2TX7829
Operátor: Markéta Jakšová, od 1.9.2025
Servisní dny: WE 7
Kategorie servisu: B | C
Sektor: střední firma
Počet automatů ve zdroji: 2",,True
ESB,Brno,Vídeňská 297/99,ESB,,,7 | WE 7,"Zdrojové kódy: 60, 8
Zdrojové názvy: Brno_ESB KÁVA | Brno_ESB POTRAVINY
Servisní dny: 7 | WE 7",,False
Lasspektrum,Brno,Tovární 850,Lasspektrum,,,"MO,WE 7 | TU 7","Zdrojové kódy: 1, 57
Zdrojové názvy: Brno_Lasspektrum KÁVA | Brno_Lasspektrum POTRAVINY
Trasy: LD_pondělí_2TX7928 | LD_středa_2TX7829,LD_pondělí_2TX7928,LD_pátek_2TX7829
Operátor: Markéta Jakšová, od 1.9.2025
Servisní dny: MO,WE 7 | TU 7
Kategorie servisu: B | C
Sektor: malá firma
Počet automatů ve zdroji: 2",,True
Marius Pedersen a.s.,Brno,Hájecká 1162/3,Marius Pedersen a.s.,Ing. Eliška Hrnčířová,+420 730 809 966,MO 7,"Zdrojové kódy: 84
Zdrojové názvy: Marius Pedersen a.s. KÁVA
Trasy: LD_pondělí_2TX7928
Servisní dny: MO 7
Počet automatů ve zdroji: 1",,True
OLTEC a.s.,Brno,Václavská 6,OLTEC a.s.,Dočkalová,+420 605 229 907,TH 7,"Zdrojové kódy: 92
Zdrojové názvy: OLTEC a.s.
Operátor: Markéta Jakšová
Servisní dny: TH 7
Kategorie servisu: A
Sektor: veřejné místo",,True
WINE LIFE a.s.,Brno,Železná 689/7b,WINE LIFE a.s.,,702 188 590,TU 7,"Zdrojové kódy: 87
Zdrojové názvy: WINE LIFE a.s. KÁVA
Trasy: LD_pátek_2TX7829,LD_středa_2TX7829
Operátor: Markéta Jakšová, od 1.9.2025
Servisní dny: TU 7
Kategorie servisu: B
Sektor: malá firma
Počet automatů ve zdroji: 1",,True
Zimní stadion,Brno,Úvoz 1012,Zimní stadion,Čermák Jan,+420 603 440 568,"MO,WE,FR 7","Zdrojové kódy: 72
Zdrojové názvy: Brno_Zimní stadion
Trasy: MP_čtvrtek_5AP9000_NEW,LD_středa_2TX7829,LD_pátek_2TX7829,LD_pondělí_2TX7928
Operátor: Markéta Jakšová, od 1.9.2025
Servisní dny: MO,WE,FR 7
Kategorie servisu: A
Sektor: veřejné místo
Počet automatů ve zdroji: 1",,True
NTS,Brno - Slatina,Tuřanka 1313,NTS,,,"MO,WE,FR 7","Zdrojové kódy: 3
Zdrojové názvy: Brno_NTS
Trasy: LD_středa_2TX7829,LD_pondělí_2TX7928,LD_pátek_2TX7829
Operátor: Markéta Jakšová, od 1.9.2025
Servisní dny: MO,WE,FR 7
Kategorie servisu: A
Sektor: střední firma
Počet automatů ve zdroji: 1",,True
Marius Pedersen a.s.,Brno - Černovice,Hájecká 1162/3,Marius Pedersen a.s.,Ing. Eliška Hrnčířová,+420 730 809 966,,"Zdrojové kódy: 82
Zdrojové názvy: Marius Pedersen a.s. POTRAVINY
Trasy: LD_středa_2TX7829,LD_pondělí_2TX7928,LD_pátek_2TX7829
Operátor: Markéta Jakšová, od 1.9.2025
Kategorie servisu: B
Sektor: malá firma
Počet automatů ve zdroji: 1",,True
BVK Hády,Brno-Maloměřice a Obřany,Hády 971,BVK Hády,,,7,"Zdrojové kódy: 4
Zdrojové názvy: Brno_BVK Hády
Trasy: MP_čtvrtek_5AP9000_NEW,LD_pondělí_2TX7928
Operátor: Markéta Jakšová, od 1.9.2025
Servisní dny: 7
Kategorie servisu: A
Sektor: střední firma
Počet automatů ve zdroji: 1",,True
OSRAM Česká republika s.r.o.,Bruntál,Zahradní 1442/46,OSRAM Česká republika s.r.o.,Václav Šípek,602 562 117,"MO 7 | MO,WE,FR 7","Zdrojové kódy: 80, 81
Zdrojové názvy: OSRAM Česká republika s.r.o. KÁVA | OSRAM Česká republika s.r.o. POTRAVINY
Trasy: MN_středa_3BJ1780
Servisní dny: MO 7 | MO,WE,FR 7
Počet automatů ve zdroji: 5",,True
AVE,Břeclav,Sovadinova 841,AVE,,,TU 7,"Zdrojové kódy: 12
Zdrojové názvy: Břeclav_AVE
Trasy: MP_pondělí_5AP9000_NEW
Servisní dny: TU 7
Počet automatů ve zdroji: 1",,True
Domov seniorů,Břeclav,Na Pešině 2842/13,Domov seniorů hl.budova,,,"MO,WE,FR 7 | TU 7","Zdrojové kódy: 11, 56
Zdrojové názvy: Břeclav_Domov seniorů hl. budova POTRAVINY | Břeclav_Domov seniorů hl.budova KÁVA
Trasy: MP_pondělí_5AP9000_NEW
Servisní dny: MO,WE,FR 7 | TU 7
Počet automatů ve zdroji: 3",,True
Domov seniorů vedlejší budova,Břeclav,Seniorů 1,Domov seniorů vedlejší budova,,,TU 7,"Zdrojové kódy: 10
Zdrojové názvy: Břeclav_Domov seniorů vedlejší budova
Trasy: MP_pondělí_5AP9000_NEW
Servisní dny: TU 7
Počet automatů ve zdroji: 1",,True
SŠ Zdravotnická,Břeclav,Slovácká 322/1a,SŠ Zdravotnická,,,TU 7,"Zdrojové kódy: 13
Zdrojové názvy: Břeclav_SŠ Zdravotnická
Trasy: MP_pondělí_5AP9000_NEW
Servisní dny: TU 7
Počet automatů ve zdroji: 1",,True
ČD Cargo Břeclav,Břeclav,Železniční 3,ČD Cargo Břeclav,"Ing. Krška Jan, Marek Šustáček","602 439 571,724 076 565",TU 168,"Zdrojové kódy: 45
Zdrojové názvy: ČD Cargo Břeclav
Servisní dny: TU 168",,True
COOP,Chvalovice,Chvalovice 35,COOP,,,TH 14,"Zdrojové kódy: 36
Zdrojové názvy: Chvalovice_COOP
Servisní dny: TH 14",,False
"RIGUM, s.r.o.",Dubňany,Jarohněvice 1666,"RIGUM, s.r.o.",Martin Bartošík,+420733533561,"MO,TH 7","Zdrojové kódy: 93
Zdrojové názvy: RIGUM, s.r.o.
Trasy: MP_pondělí_5AP9000_NEW
Operátor: Michal Punčochář
Servisní dny: MO,TH 7
Kategorie servisu: A
Sektor: střední firma
Počet automatů ve zdroji: 1",,True
Monita,Havlíčkův Brod,Průmyslová 1032,Monita,Zuzana Běhunčíková,+420 739 049 179,TH 7,"Zdrojové kódy: 31
Zdrojové názvy: Havlíčkův Brod_Monita
Servisní dny: TH 7",,False
ČD Cargo Havlíčkův Brod,Havlíčkův Brod,Havířská 724,ČD Cargo Havlíčkův Brod,"Adamcová Eva, Marek Šustáček","725 542 673, 724 076 565",TU 168,"Zdrojové kódy: 44
Zdrojové názvy: ČD Cargo Havlíčkův Brod
Servisní dny: TU 168",,True
COOP,Hevlín,Hevlín 59,COOP,,,TH 14,"Zdrojové kódy: 35
Zdrojové názvy: Hevlín_COOP
Servisní dny: TH 14",,False
bazén,Hrušovany nad Jevišovkou,Nádražní 438,bazén,,,TH 14,"Zdrojové kódy: 34
Zdrojové názvy: Hrušovany nad Jevišovkou_bazén
Trasy: MP_pondělí_5AP9000_NEW
Servisní dny: TH 14
Počet automatů ve zdroji: 1",,True
Domov seniorů,Hustopeče u Brna,Hybešova 1497/7,Domov seniorů,,,TU 7,"Zdrojové kódy: 9
Zdrojové názvy: Hustopeče_Domov seniorů
Trasy: MP_pondělí_5AP9000_NEW
Servisní dny: TU 7
Počet automatů ve zdroji: 1",,True
SWR,Jamné,Jamné 48,SWR,Miroslav Eliáš,725 969 544,TH 7,"Zdrojové kódy: 24
Zdrojové názvy: Jamné_SWR
Trasy: MP_čtvrtek_5AP9000_NEW
Operátor: Markéta Jakšová, od 1.9.2025
Servisní dny: TH 7
Kategorie servisu: A
Sektor: malá firma
Počet automatů ve zdroji: 1",,True
Finanční úřad,Jihlava,Tolstého 1455,Finanční úřad,,,TH 7,"Zdrojové kódy: 27
Zdrojové názvy: Jihlava_Finanční úřad
Servisní dny: TH 7",,False
Okresní soud,Jihlava,Tř. Legionářů 1470,Okresní soud,,,TH 7,"Zdrojové kódy: 28
Zdrojové názvy: Jihlava_Okresní soud
Servisní dny: TH 7",,False
Sonepar,Jihlava,Heroltická 5449/19,Sonepar,Patrik Volf,777 567 806,TH 7,"Zdrojové kódy: 43
Zdrojové názvy: Jihlava_Sonepar
Trasy: MP_čtvrtek_5AP9000_NEW
Operátor: Markéta Jakšová, od 1.9.2025
Servisní dny: TH 7
Kategorie servisu: B
Sektor: malá firma
Počet automatů ve zdroji: 1",,True
VO Vrtal,Jihlava,Znojemská 5433,VO Vrtal,,,TH 7,"Zdrojové kódy: 26
Zdrojové názvy: Jihlava_VO Vrtal
Trasy: MP_čtvrtek_5AP9000_NEW
Operátor: Markéta Jakšová, od 1.9.2025
Servisní dny: TH 7
Kategorie servisu: B
Sektor: malá firma
Počet automatů ve zdroji: 1",,True
VOŠ,Jihlava,Srázná 21,VOŠ,Mgr. Marcela Křivánková,724 162 933,TH 7,"Zdrojové kódy: 29
Zdrojové názvy: Jihlava_VOŠ
Trasy: MP_čtvrtek_5AP9000_NEW
Operátor: Markéta Jakšová, od 1.9.2025
Servisní dny: TH 7
Kategorie servisu: B
Sektor: školy, úřady
Počet automatů ve zdroji: 2",,True
Úřad práce,Jihlava,Brtnická 2531,Úřad práce,,,TH 7,"Zdrojové kódy: 25
Zdrojové názvy: Jihlava_Úřad práce
Servisní dny: TH 7",,False
SPEED,Kyjov,Svatoborská 427/89,SPEED,,+420 734 221 795,FR 14,"Zdrojové kódy: 39
Zdrojové názvy: Kyjov_SPEED
Trasy: MP_pondělí_5AP9000_NEW
Servisní dny: FR 14
Počet automatů ve zdroji: 2",,True
Primasil,Mikulov,Gagarinova 1239,Primasil,,,"MO,TU,WE,TH,FR 7","Zdrojové kódy: 54
Zdrojové názvy: Mikulov_Primasil POTRAVINY
Servisní dny: MO,TU,WE,TH,FR 7",,False
Zámek SEZÓNKA,Mikulov,Zámek 1/4,Zámek SEZÓNKA,Martina Klimešová,774163855,"MO,FR 7","Zdrojové kódy: 49
Zdrojové názvy: Mikulov_Zámek SEZÓNKA
Servisní dny: MO,FR 7",,False
Primasil,Mikulov na Moravě,Gagarinova 1239,Primasil,,,TU 7,"Zdrojové kódy: 15
Zdrojové názvy: Mikulov_Primasil KÁVA
Servisní dny: TU 7",,False
AZ Klima,Milovice,Milovice 156,AZ Klima,,,"MO,WE 7 | TU 7","Zdrojové kódy: 14, 55
Zdrojové názvy: Milovice_AZ Klima KÁVA | Milovice_AZ Klima POTRAVINY
Trasy: MP_čtvrtek_5AP9000_NEW,MP_pondělí_5AP9000_NEW
Servisní dny: MO,WE 7 | TU 7
Počet automatů ve zdroji: 2",,True
Bylinky jídelna,Miroslav,Suchohrdly u Miroslavi 208,Bylinky jídelna,,,"MO,WE 7 | TU 7","Zdrojové kódy: 17, 51
Zdrojové názvy: Suchohrdly_Bylinky jídelna KÁVA | Suchohrdly_Bylinky jídelna POTRAVINY
Servisní dny: MO,WE 7 | TU 7",,False
Bylinky nová hala,Miroslav,Suchohrdly u Miroslavi 208,Bylinky nová hala,,,"MO,WE,FR 7 | TU 7","Zdrojové kódy: 18, 52
Zdrojové názvy: Suchohrdly_Bylinky nová hala KÁVA | Suchohrdly_Bylinky nová hala POTRAVINY
Servisní dny: MO,WE,FR 7 | TU 7",,False
BVK ČOV Modřice,Modřice,Svratecká 989,BVK ČOV Modřice,,,TU 7,"Zdrojové kódy: 33
Zdrojové názvy: Brno_BVK ČOV Modřice
Trasy: LD_pátek_2TX7829
Operátor: Markéta Jakšová, od 1.9.2025
Servisní dny: TU 7
Kategorie servisu: C
Sektor: malá firma
Počet automatů ve zdroji: 1",,True
Microtechnic,Modřice,Evropská 884,Microtechnic,Ivana Ambrožová,+420 703 144 039,"TU 7 | TU,FR 7","Zdrojové kódy: 76, 77
Zdrojové názvy: Microtechnic KÁVA | Microtechnic POTRAVINY
Trasy: LD_pondělí_2TX7928 | LD_pátek_2TX7829,LD_pondělí_2TX7928,LD_středa_2TX7829
Operátor: Markéta Jakšová, od 1.9.2025
Servisní dny: TU 7 | TU,FR 7
Kategorie servisu: B
Sektor: malá firma
Počet automatů ve zdroji: 2",,True
Vinařství,Mutěnice,Údolní 1174,Vinařství,,,FR 14,"Zdrojové kódy: 38
Zdrojové názvy: Mutěnice_Vinařství
Trasy: MP_pondělí_5AP9000_NEW
Servisní dny: FR 14
Počet automatů ve zdroji: 1",,True
Plastia,Nové Veselí,Žďárská 313,Plastia,,,WE 14,"Zdrojové kódy: 30
Zdrojové názvy: Nové Veselí_Plastia
Servisní dny: WE 14",,False
TEXTILOMÁNIE,Opatovice,Velké dráhy 74e,TEXTILOMÁNIE,Martin Kramoliš,+420 777 173 911,"FR 7 | MO,WE,FR 7","Zdrojové kódy: 63, 64
Zdrojové názvy: Opatovice_TEXTILOMÁNIE KÁVA | Opatovice_TEXTILOMÁNIE POTRAVINY
Trasy: LD_pátek_2TX7829 | LD_pátek_2TX7829,LD_pondělí_2TX7928
Operátor: Markéta Jakšová, od 1.9.2025
Servisní dny: FR 7 | MO,WE,FR 7
Kategorie servisu: C
Sektor: malá firma
Počet automatů ve zdroji: 2",,True
Pošta Ostrava 23,Ostrava,Martinovská 3168/48,Pošta Ostrava 23,,,MO 7,"Zdrojové kódy: 88
Zdrojové názvy: Pošta Ostrava 23
Servisní dny: MO 7
Kategorie servisu: D
Sektor: veřejné místo",,True
Sportovní Hala Krásné Pole,Ostrava,Sklopčická 860,Sportovní Hala Krásné Pole,Marek Doležílek,+420 774 637 167,,"Zdrojové kódy: 89
Zdrojové názvy: Sportovní Hala Krásné Pole
Trasy: MN_pátek_3BJ1780,MN_pondělí_3BJ1780
Operátor: Veronika Jirdová
Kategorie servisu: A
Sektor: veřejné místo
Počet automatů ve zdroji: 2",,True
ViaPharma,Ostrava,"17. listopadu,",ViaPharma,Tomáš Kurka,608 709 947,FR 7,"Zdrojové kódy: 65
Zdrojové názvy: Ostrava_ViaPharma KÁVA
Trasy: MN_pátek_3BJ1780
Servisní dny: FR 7
Počet automatů ve zdroji: 1",,True
ViaPharma_POTRAVINY,Ostrava,17. listopadu,ViaPharma_POTRAVINY,Tomáš Kurka,608 709 947,"TU,FR 7","Zdrojové kódy: 48
Zdrojové názvy: Ostrava_ViaPharma_POTRAVINY
Trasy: MN_pátek_3BJ1780,MN_středa_3BJ1780,MN_pondělí_3BJ1780
Servisní dny: TU,FR 7
Počet automatů ve zdroji: 1",,True
REMANTE GROUP s.r.o.,Otice,K Rybníčkům 13,REMANTE GROUP s.r.o.,Bártková Jarmila,724 873 740,TH 7,"Zdrojové kódy: 85, 86
Zdrojové názvy: REMANTE GROUP s.r.o. KÁVA | REMANTE GROUP s.r.o. POTRAVINY
Trasy: MN_pátek_3BJ1780,MN_středa_3BJ1780 | MN_středa_3BJ1780
Servisní dny: TH 7
Počet automatů ve zdroji: 2",,True
Archeopark SEZÓNKA,Pavlov,23. dubna 264,Archeopark SEZÓNKA,Mgr. Zuzana HAVLICKÁ,+420 720 948 231,"MO,FR 7","Zdrojové kódy: 50
Zdrojové názvy: Pavlov_Archeopark SEZÓNKA
Servisní dny: MO,FR 7",,False
ViaPharma,Podolí u Brna,664 03 Podolí u Brna,ViaPharma,Seget Tomáš,734 520 978,"MO,TU,WE,FR 7","Zdrojové kódy: 47
Zdrojové názvy: Brno_ViaPharma KÁVA
Trasy: MN_pondělí_3BJ1780
Operátor: Markéta Jakšová, od 1.9.2025
Servisní dny: MO,TU,WE,FR 7
Kategorie servisu: A
Sektor: střední firma
Počet automatů ve zdroji: 2",,True
ViaPharma,Podolí u Brna,,ViaPharma,,,"MO,WE,FR 7","Zdrojové kódy: 59
Zdrojové názvy: Brno_ViaPharma POTRAVINY
Trasy: MN_pondělí_3BJ1780,LD_pátek_2TX7829,LD_středa_2TX7829
Operátor: Markéta Jakšová, od 1.9.2025
Servisní dny: MO,WE,FR 7
Kategorie servisu: A
Sektor: střední firma
Počet automatů ve zdroji: 2",,True
Apex,Pohořelice,Vídeňská 1513,Apex,,,"MO,WE 7 | TU 7","Zdrojové kódy: 16, 53
Zdrojové názvy: Pohořelice_Apex KÁVA | Pohořelice_Apex POTRAVINY
Trasy: MP_pondělí_5AP9000_NEW
Operátor: Markéta Jakšová, od 1.9.2025
Servisní dny: MO,WE 7 | TU 7
Kategorie servisu: B
Sektor: malá firma
Počet automatů ve zdroji: 2",,True
stavba,Slavkov u Brna,Sadova,stavba,Lukáš Blaha,+420 608 833 168,MO 7,"Zdrojové kódy: 73
Zdrojové názvy: Slavkov u Brna_stavba
Servisní dny: MO 7",,False
Sportisimo,Slezská Ostrava-Hrušov,Žižkova,Sportisimo,Renata Hujdičová,+420 720 935 298,"1 | MO,TH 7 | MO,TU,WE,TH,FR 7","Zdrojové kódy: 19, 66, 67
Zdrojové názvy: Ostrava_Sportisimo COLA | Ostrava_Sportisimo KÁVA | Ostrava_Sportisimo POTRAVINY
Trasy: MN_pondělí_3BJ1780,MN_středa_3BJ1780,MN_pátek_3BJ1780 | MN_pátek_3BJ1780,MN_středa_3BJ1780,MN_pondělí_3BJ1780
Servisní dny: 1 | MO,TH 7 | MO,TU,WE,TH,FR 7
Počet automatů ve zdroji: 7",,True
Hotel Kovák,Slezská Ostrava-Kunčice,Vratimovská 142,Hotel Kovák,Ivana Zavadilová,,"MO,WE 7 | TU 7","Zdrojové kódy: 68, 69
Zdrojové názvy: Ostrava_Hotel Kovák - KÁVA | Ostrava_Hotel Kovák - POTRAVINY
Trasy: MN_pátek_3BJ1780 | MN_středa_3BJ1780,MN_pátek_3BJ1780,MN_pondělí_3BJ1780
Servisní dny: MO,WE 7 | TU 7
Počet automatů ve zdroji: 3",,True
Vitar,Tišnov,Železné 113,Vitar,Rober Buček,+420 728 360 893,"FR 7 | MO,WE,FR 7","Zdrojové kódy: 74, 75
Zdrojové názvy: Tišnov_Vitar KÁVA | Tišnov_Vitar POTRAVINY
Trasy: LD_pondělí_2TX7928 | LD_pondělí_2TX7928,LD_středa_2TX7829,MP_čtvrtek_5AP9000_NEW,LD_pátek_2TX7829
Operátor: Markéta Jakšová, od 1.9.2025
Servisní dny: FR 7 | MO,WE,FR 7
Kategorie servisu: A
Sektor: střední firma
Počet automatů ve zdroji: 3",,True
Dvořák Truck,Velké Meziříčí,Karlov 1119,Dvořák Truck,,,TH 7,"Zdrojové kódy: 21
Zdrojové názvy: Velké Meziříčí_Dvořák Truck
Servisní dny: TH 7",,False
Kabelové Bubny,Velké Meziříčí,Františkov 88/10,Kabelové Bubny,,+420 777 717 884,TH 7,"Zdrojové kódy: 22
Zdrojové názvy: Velké Meziříčí_Kabelové Bubny
Trasy: MP_čtvrtek_5AP9000_NEW
Operátor: Markéta Jakšová, od 1.9.2025
Servisní dny: TH 7
Kategorie servisu: B
Sektor: malá firma
Počet automatů ve zdroji: 1",,True
Paramont,Velké Meziříčí,Třebíčská 194,Paramont,,,TH 7,"Zdrojové kódy: 23
Zdrojové názvy: Velké Meziříčí_Paramont
Trasy: MP_čtvrtek_5AP9000_NEW
Operátor: Markéta Jakšová, od 1.9.2025
Servisní dny: TH 7
Kategorie servisu: C
Sektor: malá firma
Počet automatů ve zdroji: 1",,True
Dendro,Znojmo,Dr. M. Horákové 861,Dendro,,,TH 14,"Zdrojové kódy: 37
Zdrojové názvy: Znojmo_Dendro
Servisní dny: TH 14
Počet automatů ve zdroji: 1",,True
KILI,Šlapanice u Brna,Hybešova 1647,KILI,,,"MO,WE,FR 7 | TU 7","Zdrojové kódy: 2, 58
Zdrojové názvy: Brno_KILI KÁVA | Brno_Kili POTRAVINY
Trasy: LD_pondělí_2TX7928 | LD_pondělí_2TX7928,LD_středa_2TX7829,LD_pátek_2TX7829
Operátor: Markéta Jakšová, od 1.9.2025
Servisní dny: MO,WE,FR 7 | TU 7
Kategorie servisu: B
Sektor: malá firma",,False
VN machinery s.r.o.,Židlochovice,Nádražní 919,VN machinery s.r.o.,Ing. Andrea Nečasová,+420 604 800 109,FR 7,"Zdrojové kódy: 91
Zdrojové názvy: VN machinery s.r.o.
Trasy: MP_pondělí_5AP9000_NEW
Operátor: Markéta Jakšová
Servisní dny: FR 7
Kategorie servisu: B
Sektor: malá firma
Počet automatů ve zdroji: 1",,True
Okresní soud,Žďár nad Sázavou,Strojírenská 2210/28,Okresní soud,Ing. Monika Sobotková,601 090 786,TH 14,"Zdrojové kódy: 42
Zdrojové názvy: Žďár nad Sázavou_Okresní soud
Servisní dny: TH 14",,False
Poliklinika,Žďár nad Sázavou,Studentská 1699 /4,Poliklinika,,,TH 14,"Zdrojové kódy: 32
Zdrojové názvy: Žďár nad Sázavou_Poliklinika
Servisní dny: TH 14",,False
